jmccudden0,Jocelin,McCudden,jmccudden0@aboutads.info,02zlNH,+62 992 504 7631
ephelip1,Emili,Phelip,ephelip1@springer.com,PkjQoXOKGr7,+352 195 529 1517
wgraysmark2,Wanids,Graysmark,wgraysmark2@theglobeandmail.com,SvKQzwg,+51 682 751 6879
cdatte3,Candace,Datte,cdatte3@biglobe.ne.jp,fBYD3UwC,+505 316 274 3777
nmarchington4,Natasha,Marchington,nmarchington4@w3.org,3yj2liVt,+86 411 813 8346
jwoodburne5,Josi,Woodburne,jwoodburne5@blogspot.com,h3hrFW,+33 700 693 2278
ahendrickson6,Angelina,Hendrickson,ahendrickson6@mac.com,bvhJmEapeOC,+62 576 396 1913
fjannaway7,Florella,Jannaway,fjannaway7@ustream.tv,GwkS7G,+7 108 920 3730
nalliker8,Nataniel,Alliker,nalliker8@163.com,qjU09B,+53 740 628 3544
nfolkerd9,Nicolas,Folkerd,nfolkerd9@bbb.org,wHOZSd,+86 951 610 0369
mfitcha,Meade,Fitch,mfitcha@yelp.com,nxWrwUZQmFKV,+81 478 846 9561
cbirkmyrb,Carri,Birkmyr,cbirkmyrb@comcast.net,r3IPMSOdW0,+62 163 614 5224
bbrignallc,Briant,Brignall,bbrignallc@live.com,jzsRBUXcE,+387 522 488 1953
rplentyd,Rodrique,Plenty,rplentyd@nydailynews.com,Aqkx8WY,+7 295 893 1429
kemneye,Karel,Emney,kemneye@wired.com,SKeE2KAMx3D,+234 445 548 4980
